created_at,status
2025-12-09 14:16:41.873656,done
2025-12-09 14:16:41.978772,done
2025-12-09 14:16:42.059274,done
2025-12-09 14:16:42.156059,done
2025-12-09 14:16:42.239673,done
2025-12-09 14:16:42.323072,in_progress
2025-12-09 14:16:42.404731,in_progress
2025-12-09 14:16:42.507241,in_progress
2025-12-09 14:16:42.599318,in_progress
2025-12-09 14:16:42.672927,in_progress
2025-12-09 14:16:42.773060,pending
2025-12-09 14:16:42.856276,pending
2025-12-09 14:16:42.946525,pending
2025-12-09 14:16:43.038616,pending
2025-12-09 14:16:43.130540,pending
2025-12-09 14:16:43.206217,pending
2025-12-09 14:16:43.305136,pending
2025-12-09 14:16:43.389595,pending
2025-12-09 14:16:43.471244,pending
2025-12-09 14:16:43.572209,pending
2025-12-09 14:16:43.661780,pending
2025-12-09 14:16:43.747050,pending
2025-12-09 14:16:43.838408,pending
2025-12-09 14:16:43.922756,pending
2025-12-09 14:16:44.006113,pending
2025-12-09 14:16:44.107755,pending
2025-12-09 14:16:44.188401,pending
2025-12-09 14:16:44.272693,pending
2025-12-09 14:16:44.369691,pending
2025-12-09 14:16:44.456087,pending
2025-12-09 14:16:44.548305,pending
2025-12-09 14:16:44.639394,pending
2025-12-09 14:16:44.721696,pending
2025-12-09 14:16:44.821646,pending
2025-12-09 14:16:44.906013,pending
2025-12-09 14:16:44.988909,pending
2025-12-09 14:16:45.086135,pending
2025-12-09 14:16:45.172584,pending
2025-12-09 14:16:45.255920,pending
2025-12-09 14:16:45.339256,pending
2025-12-09 14:16:45.422639,pending
2025-12-09 14:16:45.505871,pending
2025-12-09 14:16:45.605499,pending
2025-12-09 14:16:45.689178,pending
2025-12-09 14:16:45.772551,pending
2025-12-09 14:16:45.855818,pending
2025-12-09 14:16:45.949701,pending
2025-12-09 14:16:46.038093,pending
2025-12-09 14:16:46.126096,pending
2025-12-09 14:16:46.205922,pending
2025-12-09 14:16:46.289061,pending
2025-12-09 14:16:46.389103,pending
2025-12-09 14:16:46.472434,pending
2025-12-09 14:16:46.557602,pending
2025-12-09 14:16:46.637464,pending
2025-12-09 14:16:46.722367,pending
2025-12-09 14:16:46.822443,pending
2025-12-09 14:16:46.905666,pending
2025-12-09 14:16:47.005707,pending
2025-12-09 14:16:47.097682,pending
2025-12-09 14:16:47.186964,pending
2025-12-09 14:16:47.272272,pending
2025-12-09 14:16:47.355584,pending
2025-12-09 14:16:47.453623,pending
2025-12-09 14:16:47.555962,pending
2025-12-09 14:16:47.651919,pending
2025-12-09 14:16:47.738893,pending
2025-12-09 14:16:47.832873,pending
2025-12-09 14:16:47.922205,pending
2025-12-09 14:16:48.005484,pending
2025-12-09 14:16:48.102485,pending
2025-12-09 14:16:48.188838,pending
2025-12-09 14:16:48.283772,pending
2025-12-09 14:16:48.370116,pending
2025-12-09 14:16:48.455479,pending
2025-12-09 14:16:48.538778,pending
2025-12-09 14:16:48.633722,pending
2025-12-09 14:16:48.721682,pending
2025-12-09 14:16:48.805569,pending
2025-12-09 14:16:48.888748,pending
2025-12-09 14:16:48.972085,pending
2025-12-09 14:16:49.057350,pending
2025-12-09 14:16:49.154993,pending
2025-12-09 14:16:49.238910,pending
2025-12-09 14:16:49.329656,pending
2025-12-09 14:16:49.405288,pending
2025-12-09 14:16:49.504323,pending
2025-12-09 14:16:49.592297,pending
2025-12-09 14:16:49.671967,pending
2025-12-09 14:16:49.770909,pending
2025-12-09 14:16:49.858968,pending
2025-12-09 14:16:49.938567,pending
2025-12-09 14:16:50.035484,pending
2025-12-09 14:16:50.121943,pending
2025-12-09 14:16:50.205170,pending
2025-12-09 14:16:50.288547,pending
2025-12-09 14:16:50.371844,pending
2025-12-09 14:16:50.471844,pending
2025-12-09 14:16:50.598494,pending
2025-12-09 14:16:50.688516,pending
